Numero,Tipo,Ementa,Autor,UF,Partido original,Partido atual,Data,Situação,Link
PL 4401/2021 (Nº Anterior: PL 2303/2015),Altera,"Dispõe sobre a inclusão das moedas virtuais e programas de milhagem aéreas na definição de ""arranjos de pagamento"" sob a supervisão do Banco Central

NOVA EMENTA: Dispõe sobre diretrizes a serem observadas na prestação de serviços de ativos virtuais e na regulamentação das prestadoras de serviços de ativos virtuais; altera o Decreto-Lei nº 2.848, de 7 de dezembro de 1940 (Código Penal), para prever o crime de fraude com a utilização de ativos virtuais, valores mobiliários ou ativos financeiros; e altera a Lei nº 7.492, de 16 de junho de 1986, que define crimes contra o sistema financeiro nacional, e a Lei nº 9.613, de 3 de março de 1998, que dispõe sobre lavagem de dinheiro, para incluir as prestadoras de serviços de ativos virtuais no rol de suas disposições.",Aureo Ribeiro,RJ,SD,SD,jul.15,Transformado em Norma Jurídica,http://www.camara.leg.br/proposicoesWeb/fichadetramitacao?idProposicao=1555470
PL 4797/2019,"Normativa, diretriz",Dispõe sobre a Prestação Digital dos Serviços Públicos na Administração Pública.,Professor Israel Batista,DF,PV,PV,set.19,Tramitando em Conjunto,http://www.camara.leg.br/proposicoesWeb/fichadetramitacao?idProposicao=2218208
PL 3443/2019,"Normativa, diretriz",Dispõe sobre a Prestação Digital dos Serviços Públicos na Administração Pública - Governo Digital.,Tiago Mitraud;Vinicius Poit;João H. Campos;Luisa Canziani;Marcelo Calero;Mariana Carvalho;Paulo Ganime;Professor Israel Batista;Rodrigo Coelho,MG;SP;PE;PR;RJ;RO;RJ;DF;SC,NOVO;NOVO;PSB;PTB;CIDADANIA;PSDB;NOVO;PV;PSB,NOVO;NOVO;PSB;PTB;CIDADANIA;PSDB;NOVO;PV;PSB,set.19,Arquivada,http://www.camara.leg.br/proposicoesWeb/fichadetramitacao?idProposicao=2207511
PL 3119/2020,Altera,"Altera a Lei nº 12.965, de 23 de abril de 2014, para estabelecer procedimentos para a remoção ou redução do alcance de conteúdos e perfis por provedores de aplicações de internet.  ",Mário Negromonte Jr.,BA,PP,PP,jun.20,Tramitando em Conjunto,http://www.camara.leg.br/proposicoesWeb/fichadetramitacao?idProposicao=2254496
PL 2630/2020,Institui,"Institui a Lei Brasileira de Liberdade, Responsabilidade e Transparência na Internet.

",Senado Federal - Alessandro Vieira,SE,CIDADANIA,CIDADANIA,jul.20,Aguardando Definição Encaminhamento,http://www.camara.leg.br/proposicoesWeb/fichadetramitacao?idProposicao=2256735
PL 21/2020,"Direitos, deveres","Estabelece princípios, direitos e deveres para o uso de inteligência artificial no Brasil, e dá outras providências.

NOVA EMENTA: Estabelece fundamentos, princípios e diretrizes para o desenvolvimento e a aplicação da inteligência artificial no Brasil; e dá outras providências.",Eduardo Bismarck,CE,PDT,PDT,fev.20,Aguardando Apreciação pelo Senado Federal,http://www.camara.leg.br/proposicoesWeb/fichadetramitacao?idProposicao=2236340
PL 2427/2020,"Normativa, diretriz",Institui a Política Nacional de Incentivo à Motorização Elétrica Agrícola.,Marcelo Brum,RS,PSL,UNIÃO,mai.20,Aguardando Designação de Relator(a),http://www.camara.leg.br/proposicoesWeb/fichadetramitacao?idProposicao=2251839
PL 5114/2020,Cria,Cria mecanismos para coibir a violência e a discriminação política de gênero contra a mulher e dá outras providências. ,Rejane Dias,PI,PT,PT,nov.20,Retirado pelo(a) Autor(a),http://www.camara.leg.br/proposicoesWeb/fichadetramitacao?idProposicao=2265052
PL 4120/2020,"Normativa, diretriz","Disciplina o uso de algoritmos pelas plataformas digitais na internet, assegurando transparência no uso das ferramentas computacionais que possam induzir a tomada de decisão ou atuar sobre as preferências dos usuários.",Bosco Costa,SE,PL,PL,ago.20,Arquivada,http://www.camara.leg.br/proposicoesWeb/fichadetramitacao?idProposicao=2259721
PL 4513/2020,Altera,"Institui a Política Nacional de Educação Digital e insere dispositivos no art. 4º da Lei nº 9.394, de 1996, de diretrizes e bases da
educação nacional.

NOVA EMENTA: Institui a Política Nacional de Educação Digital; altera as Leis nºs 9.394, de 20 de dezembro de 1996 (Lei de Diretrizes e Bases da Educação Nacional), 9.448, de 14 de março de 1997, 10.260, de 12 de julho de 2001, e 10.753, de 30 de outubro de 2003; e dá outras providências.",Angela Amin,SC,PP,PP,set.20,Transformado em Norma Jurídica,http://www.camara.leg.br/proposicoesWeb/fichadetramitacao?idProposicao=2262422
PL 5136/2020,Cria,Cria mecanismos para coibir a violência e a discriminação política contra a mulher e dá outras providências. ,Rejane Dias,PI,PT,PT,nov.20,Arquivada,http://www.camara.leg.br/proposicoesWeb/fichadetramitacao?idProposicao=2265119
PL 240/2020,Cria,"Cria a Lei da Inteligência Artificial, e dá outras providências. ",Léo Moraes,RO,PODE,PODE,fev.20,Arquivada,http://www.camara.leg.br/proposicoesWeb/fichadetramitacao?idProposicao=2236943
PL 595/2020,"Direitos, deveres",Assegura os direitos dos consumidores quando do cancelamento total ou parcial dos contratos de prestação dos serviços de telecomunicações e dá outras providências,João Maia,RN,PL,PL,mar.20,Tramitando em Conjunto,http://www.camara.leg.br/proposicoesWeb/fichadetramitacao?idProposicao=2238702
PL 2576/2020,Institui,"Estabelece obrigação de divulgação pela União, em sítio eletrônico específico, de Cadastro Nacional de Pessoas Desaparecidas e dá outras providências.",Amaro Neto,ES,REPUBLIC,REPUBLIC,mai.20,Tramitando em Conjunto,http://www.camara.leg.br/proposicoesWeb/fichadetramitacao?idProposicao=2252271
PL 3042/2021,Altera,"Dispõe sobre a prorrogação do prazo de vigência de incentivos do Programa de Apoio ao Desenvolvimento Tecnológico da Indústria de Semicondutores - PADIS, instituído pela Lei nº 11.484, de 31 de maio de 2007, e dá outras providências. 

NOVA EMENTA: Altera a Lei nº 11.484, de 31 de maio de 2007, para dispor sobre a prorrogação do prazo de vigência de incentivos do Programa de Apoio ao Desenvolvimento Tecnológico da Indústria de Semicondutores (Padis); e dá outras providências.",Vitor Lippi;Bilac Pinto;Danilo Forte;Pedro Vilela;Giovani Cherini;Marx Beltrão;Daniel Freitas;Isnaldo Bulhões Jr.;Sergio Toledo;Marcos Pereira,SP;MG;CE;AL;RS;AL;SC;AL;AL;SP,PSDB;DEM;PSDB;PSDB;PL;PSD;PSL;MDB;PL;REPUBLIC,PSDB;DEM;PSDB;PSDB;PL;PSD;PSL;MDB;PL;REPUBLIC,set.21,Transformado em Norma Jurídica,http://www.camara.leg.br/proposicoesWeb/fichadetramitacao?idProposicao=2297078
PL 748/2021,Cria,"Dispõe sobre O PROGRAMA VOLUNTÁRIO DE TELEMEDICINA - TELEVIVIDAS, em caráter excepcional e temporário, com a finalidade de regular e operacionalizar medidas de atendimento médico virtual para enfrentamento da emergência de saúde pública de importância internacional, decorrente da epidemia de COVID-19 (2019-nCoV).	",Gervásio Maia,PB,PSB,PSB,mar.21,Devolvida ao(à) Autor(a),http://www.camara.leg.br/proposicoesWeb/fichadetramitacao?idProposicao=2272160
PL 1231/2021,"Normativa, diretriz","Dispõe sobre a priorização de cobertura de serviços de telecomunicações com mobilidade em universidades públicas e hospitais universitários, e institui gratuidade no acesso a dados e voz para pesquisadores de universidades públicas e de hospitais universitários.",Aliel Machado,PR,PSB,PSB,abr.21,Aguardando Parecer,http://www.camara.leg.br/proposicoesWeb/fichadetramitacao?idProposicao=2276612
PL 4332/2021,Altera,"Dá nova redação e acrescenta incisos ao art. 154, da Lei nº 13.105, de 16 de março de 2015.",Ricardo Silva,SP,PSB,PSB,dez.21,Tramitando em Conjunto,http://www.camara.leg.br/proposicoesWeb/fichadetramitacao?idProposicao=2310852
PL 221/2022,Acrescenta,"Institui e amplia a Rede de Cuidados à Pessoa com Deficiência, por meio da criação, ampliação e articulação de pontos de atenção à saúde para pessoas com deficiência temporária ou permanente, progressiva, regressiva, ou estável, intermitente ou contínua, no âmbito do Sistema Único de Saúde - SUS. Institui e fomenta a área de pesquisa e desenvolvimento de novas tecnologias no âmbito dos Centros Especializados em Reabilitação (CER) e das Oficinas Ortopédicas. Fomenta a ampliação da oferta de Órteses, Próteses e Meios Auxiliares de Locomoção (OPMEs) no âmbito do SUS, por meio de apoio financeiro ao custeio incentivado por programa de renúncia fiscal à pessoa jurídica de direito privado, aos Estabelecimentos de Saúde do SUS, utilizando-se como referência a Tabela de Procedimentos, Medicamentos, Órteses, Próteses e Materiais Especiais do SUS e dá outras providências.

",Nereu Crispim,RS,PSL,UNIÃO,fev.22,Aguardando Parecer,http://www.camara.leg.br/proposicoesWeb/fichadetramitacao?idProposicao=2314400
PL 791/2023,"Direitos, deveres","Estabelece procedimentos a serem adotados pela União em regime de colaboração com os Estados, Distrito Federal e Municípios em situação de riscos e desastres mediante o uso de Sistemas de Processamento de Dados e de Inteligência Artificial (IA), com objetivo na organização, solução e implementação integrada e da outras providências. ",Emanuel Pinheiro Neto,MT,MDB,MDB,mar.23,Aguardando Designação de Relator(a),http://www.camara.leg.br/proposicoesWeb/fichadetramitacao?idProposicao=2349820
PL 3379/2023,Altera,"Altera a Lei nº 9.394, de 20 de dezembro de 1996, de diretrizes e bases da educação nacional, para dispor sobre a inclusão do ensino de Inteligência Artificial no ensino médio.",Neto Carletto,BA,PP,PP,jul.23,Tramitando em Conjunto,http://www.camara.leg.br/proposicoesWeb/fichadetramitacao?idProposicao=2372533
PL 3423/2023,Altera,"Altera a Lei nº 7.998, de 11 de janeiro de 1990, para dispor sobre a contribuição voluntária das empresas que façam uso de inteligência artificial para o Fundo de Amparo ao Trabalhador e a concessão do selo “Empresa Amiga do Emprego”.
",Caio Vianna,RJ,PSD,PSD,jul.23,Pronta para Pauta,http://www.camara.leg.br/proposicoesWeb/fichadetramitacao?idProposicao=2372802
PL 3444/2023,Altera,"Define a atividade de influência em meio eletrônico, altera a Lei 8.069, de 13 de julho de 1990 para impor a necessidade de autorização judicial para participação de crianças em gravações audiovisuais a título oneroso, estabelece regras relativas a publicidade e uso de imagem e obrigações para agentes e provedores digitais.",Lídice da Mata,BA,PSB,PSB,jul.23,Aguardando Parecer,http://www.camara.leg.br/proposicoesWeb/fichadetramitacao?idProposicao=2372913
PL 2394/2023,"Normativa, diretriz","Criminaliza a produção, oferta, comercialização, divulgação, transmissão ou posse de imagens que representem crianças ou adolescentes em cenas de sexo explícito, implícito ou de cunho pornográfico, utilizando recursos de inteligência artificial ou meio semelhante. Acrescenta o artigo 241-F, à Lei 8.069 de 13 de julho de 1.990, (Estatuto da Criança e do Adolescente) e dá outras providências.",Delegado Marcelo Freitas,MG,UNIÃO,UNIÃO,mai.23,Tramitando em Conjunto,http://www.camara.leg.br/proposicoesWeb/fichadetramitacao?idProposicao=2360615
PL 2421/2023,Cria,"Dispõe sobre a criação do Fundo de Renda Básica, que será utilizado para redistribuição de renda para os trabalhadores afetados pelo uso de inteligência artificial e alto grau de automação no mercado de trabalho.",Camila Jara,MS,PT,PT,mai.23,Tramitando em Conjunto,http://www.camara.leg.br/proposicoesWeb/fichadetramitacao?idProposicao=2360834
PL 2474/2023,Institui," Institui, em caráter permanente, no Instituto Nacional do Seguro Social, o Programa Especial para Revisão de Benefícios com Indícios de Deferimento Irregular, o Programa Especial para Revisão de Pedidos de Benefícios com Indícios de Indeferimento Irregular e a Política de Dados Abertos do INSS.",Samuel Viana,MG,PL,PL,mai.23,Aguardando Parecer,http://www.camara.leg.br/proposicoesWeb/fichadetramitacao?idProposicao=2361457
PL 2482/2023,Altera,"Altera a destinação e contribuições aos Fundos que especifica visando à implementação de diretrizes e bases do planejamento do desenvolvimento nacional equilibrado, bem como altera a Lei no 10.052, de 28 de novembro de 2000, e a Lei no 9.998, de 17 de agosto de 2000.",Da Vitoria;Dr. Victor Linhalis;Amom Mandel;Félix Mendonça Júnior,ES;ES;AM;BA,PP;PODE;CIDADANIA;PDT,PP;PODE;CIDADANIA;PDT,mai.23,Aguardando Parecer,http://www.camara.leg.br/proposicoesWeb/fichadetramitacao?idProposicao=2361486
PL 2478/2023,"Normativa, diretriz","Dispõe sobre diretrizes e bases do planejamento do desenvolvimento nacional equilibrado, regulamenta o § 1º do art. 174 da Constituição Federal, prevê o estabelecimento do Plano Nacional de Desenvolvimento Econômico e Social de Longo Prazo, cria o Conselho Nacional de Planejamento do Desenvolvimento Econômico e Social e dá outras providências.",Da Vitoria;Dr. Victor Linhalis;Amom Mandel;Félix Mendonça Júnior,ES;ES;AM;BA,PP;PODE;CIDADANIA;PDT,PP;PODE;CIDADANIA;PDT,mai.23,Aguardando Designação - Aguardando Devolução de Relator(a) que deixou de ser Membro,http://www.camara.leg.br/proposicoesWeb/fichadetramitacao?idProposicao=2361479
PL 1106/2023,Declara,"Reconhece a Robótica como esporte de competição e de relevância educacional, na forma que especifica.",Luiz Carlos Motta,SP,PL,PL,mar.23,Aguardando Parecer,http://www.camara.leg.br/proposicoesWeb/fichadetramitacao?idProposicao=2351249
PL 2884/2019,Declara,Define a competência da Justiça do Trabalho para processos que envolvam trabalho individual via plataformas digitais.,Celso Russomanno,SP,PRB,REPUBLIC,mai.19,Tramitando em Conjunto,http://www.camara.leg.br/proposicoesWeb/fichadetramitacao?idProposicao=2203318
PL 3902/2023,Altera,"Altera a Lei nº 12.965, de 23 de abril de 2014, para coibir o uso, criação, distribuição e comercialização de aplicativos e programas destinados à criação de imagens ou vídeos pornográficos ou obscenos falsos.",Romero Rodrigues;Nely Aquino,PB;MG,PSC;PODE,PSC;PODE,ago.23,Pronta para Pauta,http://www.camara.leg.br/proposicoesWeb/fichadetramitacao?idProposicao=2379020
PL 1153/2023,"Direitos, deveres","Dispõe sobre normas gerais para a pesquisa, o desenvolvimento e a aplicação da inteligência artificial - IA, e seu uso consciente e ético no âmbito da União, dos Estados, do Distrito Federal e dos Municípios.",Carlos Henrique Gaguim,TO,UNIÃO,UNIÃO,mar.23,Tramitando em Conjunto,http://www.camara.leg.br/proposicoesWeb/fichadetramitacao?idProposicao=2351386
PL 4939/2020,"Normativa, diretriz","Dispõe sobre as diretrizes do direito da Tecnologia da Informação e as normas de obtenção e admissibilidade de provas digitais na investigação e no processo, além de outras providências.",Hugo Leal,RJ,PSD,PSD,out.20,Aguardando Parecer,http://www.camara.leg.br/proposicoesWeb/fichadetramitacao?idProposicao=2264367
PL 3009/2022,Altera,Dispõe sobre a reforma da Lei nº 9.784/99 (Lei de Processo Administrativo).,Alexis Fonteyne,SP,NOVO,NOVO,dez.22,Tramitando em Conjunto,http://www.camara.leg.br/proposicoesWeb/fichadetramitacao?idProposicao=2343349
PL 6455/2019,Altera,"Altera a Lei 9.504, de 30 de setembro de 1997, para dispor sobre o direito de voto via internet e regulamentar este direito nos termos em que especifica.",Patricia Ferraz,AP,PL,PL,dez.19,Tramitando em Conjunto,http://www.camara.leg.br/proposicoesWeb/fichadetramitacao?idProposicao=2234163
PL 310/2022,"Normativa, diretriz","Proíbe iniciativa de operadoras de telemarketing ativo de estabelecer contato com a chave de acesso de usuário de telefonia sem prévia autorização expressa, específica e individualizada concedida pelo usuário dos serviços de telecomunicações. Estabelece exigências e prescreve medidas para prevenção do uso indevido dos serviços de telecomunicações na prestação dos serviços de telemarketing ativo; estabelece normas gerais de proteção aos direitos básicos do consumidor dos serviços de telecomunicação e de repressão ao uso abusivo do código de acesso telefônico por originadores e operadoras de telemarketing ativo; fixa exigência de comprovação da anuência prévia, individual e específica concedida pelo usuário dos serviços de telefonia como condição para autorizar operadores e prestadores de serviços de telemarketing, televendas, tele serviços, call Centers e equiparados estabelecer contato ativo com a chave de acesso do consumidor para fins de oferta de produtos e serviços realizados por telefone; define crimes e dá outras providências.
",Nereu Crispim,RS,PSL,UNIÃO,fev.22,Aguardando Parecer,http://www.camara.leg.br/proposicoesWeb/fichadetramitacao?idProposicao=2314824
PL 679/2020,Altera,"Altera a Lei nº 9.394, de 20 de dezembro de 1996 para obrigar o ensino da linguagem de programação de dados nos três anos do ensino médio.",Eduardo Bismarck,CE,PDT,PDT,mar.20,Arquivada,http://www.camara.leg.br/proposicoesWeb/fichadetramitacao?idProposicao=2239419
PL 487/2021,"Normativa, diretriz",Dispõe sobre o sistema de informação em saúde no âmbito do SUS.,Joice Hasselmann,SP,PSL,UNIÃO,fev.21,Tramitando em Conjunto,http://www.camara.leg.br/proposicoesWeb/fichadetramitacao?idProposicao=2270404
PL 4528/2023,Altera,"Altera a Lei 9.434, de 4 de fevereiro de 1997, que “dispõe sobre a remoção de órgãos, tecidos e partes do corpo humano para fins de transplante e tratamento e dá outras providências”, para excluir a exigência de autorização judicial como condição para que pessoas juridicamente capazes possam realizar doação de tecidos, órgãos e partes do próprio corpo vivo.
",Paulo Abi-Ackel,MG,PSDB,PSDB,set.23,Aguardando Designação de Relator(a),http://www.camara.leg.br/proposicoesWeb/fichadetramitacao?idProposicao=2388402
PL 3662/2019,"Normativa, diretriz",Dispõe sobre as chamadas de telemarketing ativo.,Bosco Costa,SE,PL,PL,jun.19,Tramitando em Conjunto,http://www.camara.leg.br/proposicoesWeb/fichadetramitacao?idProposicao=2208902
PL 3217/2023,Altera,"Altera o Art. 216-B do Decreto-Lei nº 2.848, de 7 de dezembro de 1940 - Código Penal, para instituir o crime de ""Upskirting"" nos casos que especifica, aumentando as respectivas penas.",Dr. Fernando Máximo,RO,UNIÃO,UNIÃO,jun.23,Tramitando em Conjunto,http://www.camara.leg.br/proposicoesWeb/fichadetramitacao?idProposicao=2371049
PL 3890/2020,Institui,Institui o Estatuto da Vítima.,Rui Falcão;Rosana Valle;Enio Verri;Airton Faleiro;João Daniel;Beto Faro;Professora Rosa Neide;Leonardo Monteiro;Waldenor Pereira;Frei Anastacio Ribeiro;Paulo Teixeira;Gleisi Hoffmann;Célio Moura;Rogério Correia;Maria do Rosário;Nilto Tatto;Vander Loubet;Patrus Ananias;José Guimarães;Erika Kokay;Valmir Assunção;Jorge Solla;Afonso Florence;Padre João;Carlos Veras;Rejane Dias;Reginaldo Lopes;Rubens Otoni;Pedro Uczai;Zé Carlos;José Ricardo;Joseildo Ramos;Alencar Santana;Luizianne Lins,SP;SP;PR;PA;SE;PA;MT;MG;BA;PB;SP;PR;TO;MG;RS;SP;MS;MG;CE;DF;BA;BA;BA;MG;PE;PI;MG;GO;SC;MA;AM;BA;SP;CE,PT;PSB;PT;PT;PT;PT;PT;PT;PT;PT;PT;PT;PT;PT;PT;PT;PT;PT;PT;PT;PT;PT;PT;PT;PT;PT;PT;PT;PT;PT;PT;PT;PT;PT,PT;PSB;PT;PT;PT;PT;PT;PT;PT;PT;PT;PT;PT;PT;PT;PT;PT;PT;PT;PT;PT;PT;PT;PT;PT;PT;PT;PT;PT;PT;PT;PT;PT;PT,jul.20,Aguardando Criação de Comissão Temporária,http://www.camara.leg.br/proposicoesWeb/fichadetramitacao?idProposicao=2258347
PL 3608/2023,"Normativa, diretriz",Estabelece diretrizes para o uso de Deepfakes pós morte,Jadyel Alencar,PI,PV,PV,jul.23,Pronta para Pauta,http://www.camara.leg.br/proposicoesWeb/fichadetramitacao?idProposicao=2374333
PL 1317/2023,Altera,"Altera a Lei nº 9.503, de 23 de setembro de 1997, que institui o Código de Trânsito Brasileiro, para regulamentar os veículos autônomos terrestres, e dá outras providências.",Alberto Fraga,DF,PL,PL,mar.23,Aguardando Parecer,http://www.camara.leg.br/proposicoesWeb/fichadetramitacao?idProposicao=2352438
PL 10762/2018,Cria,"Dispõe sobre a criação do Serviço Social e Serviço de Aprendizagem da Tecnologia da Informação e Comunicação (SETIC) para a promoção social e aprendizagem de trabalhadores da categoria econômica, em âmbito nacional.",Odorico Monteiro;Vitor Lippi;Margarida Salomão;Alessandro Molon;André Figueiredo;GOULART;CELSO PANSERA;JORGE TADEU MUDALEN;Eros Biondini;IZALCI LUCAS;Orlando Silva;RÔNEY NEMER,CE;SP;MG;RJ;CE;SP;RJ;SP;MG;DF;SP;DF,PSB;PSDB;PT;PSB;PDT;PSD;PT;DEM;PROS;PSDB;PCdoB;PP,PSB;PSDB;PT;PSB;PDT;PSD;PT;DEM;PROS;PSDB;PCdoB;PP,ago.18,Aguardando Parecer,http://www.camara.leg.br/proposicoesWeb/fichadetramitacao?idProposicao=2183368
PL 4678/2020,Cria,"Cria o Cadastro de bloqueio de ligações das empresas que fornecem serviços de telemarketing e televendas, estabelece um regulamento de operação, proibindo a utilização de sistemas de robô e ligações em massa, e dá outras providências. 

",Léo Moraes,RO,PODE,PODE,set.20,Tramitando em Conjunto,http://www.camara.leg.br/proposicoesWeb/fichadetramitacao?idProposicao=2263168
PL 3069/2022,"Normativa, diretriz",Dispõe sobre o uso de tecnologia de reconhecimento facial automatizado no âmbito das forças de segurança pública e dá outras providências.,Subtenente Gonzaga,MG,PSD,PSD,dez.22,Aguardando Designação - Aguardando Devolução de Relator(a) que deixou de ser Membro,http://www.camara.leg.br/proposicoesWeb/fichadetramitacao?idProposicao=2345261
PL 3614/2023,"Direitos, deveres","Dispõe sobre a proteção à imagem e à voz, reconstruídas digitalmente, de pessoa já falecida.",Benedita da Silva,RJ,PT,PT,jul.23,Tramitando em Conjunto,http://www.camara.leg.br/proposicoesWeb/fichadetramitacao?idProposicao=2374358
PL 4315/2020,Altera,"Altera a Lei nº 8.069, de 31 de julho de 1990, Estatuto da Criança e do Adolescente – ECA, para tipificar os crimes relativos a produção, comercialização, exposição, oferecimento, distribuição, aquisição, armazenamento, posse e porte de objeto que simule ou represente criança ou adolescente com fins sexuais ou pornográficos, e dá outras providências.",Mário Heringer,MG,PDT,PDT,ago.20,Tramitando em Conjunto,http://www.camara.leg.br/proposicoesWeb/fichadetramitacao?idProposicao=2260817
PL 1091/2019,"Direitos, deveres","Regula o disposto no inciso XXVII, do art. 7º, da Constituição Federal, que estabelece o direito de o trabalhador urbano e rural ter ""proteção em face da automação, na forma da lei"". ",Wolney Queiroz,PE,PDT,PDT,fev.19,Aguardando Designação de Relator(a),http://www.camara.leg.br/proposicoesWeb/fichadetramitacao?idProposicao=2192959
PL 2537/2019,"Normativa, diretriz",Obriga o aviso sobre o reconhecimento facial em estabelecimentos comerciais.  ,Juninho do Pneu,RJ,DEM,UNIÃO,abr.19,Aguardando Parecer,http://www.camara.leg.br/proposicoesWeb/fichadetramitacao?idProposicao=2199418
PL 1376/2022,"Normativa, diretriz",Determina que as dublagens e legendagens para a língua portuguesa de obras audiovisuais produzidas originalmente em idioma estrangeiro que forem ofertadas comercialmente no Brasil em quaisquer plataformas de exibição sejam realizadas por empresas sediadas no Brasil e por profissionais com residência no Brasil.,Pedro Paulo,RJ,PSD,PSD,mai.22,Pronta para Pauta,http://www.camara.leg.br/proposicoesWeb/fichadetramitacao?idProposicao=2324873
PL 1969/2021,"Direitos, deveres","Dispõe sobre os princípios, direitos e obrigações na utilização de sistemas de inteligência artificial.
",Gustavo Fruet,PR,PDT,PDT,mai.21,Arquivada,http://www.camara.leg.br/proposicoesWeb/fichadetramitacao?idProposicao=2284814
PL 6163/2019,Institui,Institui o Plano Regional de Desenvolvimento do Nordeste para o período de 2020-2023.,Poder Executivo,Poder Executivo,Poder Executivo,Poder Executivo,nov.19,Aguardando Providências Internas,http://www.camara.leg.br/proposicoesWeb/fichadetramitacao?idProposicao=2230650
PL 4371/2020,Altera,"Altera dispositivos da Lei nº 12.188, de 11 de janeiro de 2010, que institui a Política Nacional de Assistência Técnica e Extensão Rural para a Agricultura Familiar e Reforma Agrária - PNATER e o Programa Nacional e Assistência Técnica e Extensão Rural na Agricultura Familiar e na Reforma Agrária - PRONATER, altera a Lei nº 8.666, de 21 de junho de 1993 e dá outras providências.",Zé Silva,MG,SOLIDARI,SOLIDARI,ago.20,Retirado pelo(a) Autor(a),http://www.camara.leg.br/proposicoesWeb/fichadetramitacao?idProposicao=2261120
PL 4730/2023,Altera,"Incluir a alínea ""m"" no inciso II do artigo 61 do Decreto Lei n° 2.848, de 7 de dezembro de 1940, Código penal, para prever o uso da inteligência artificial como circunstância agravante, e dá outras providências.",Delegado Palumbo,SP,MDB,MDB,set.23,Aguardando Parecer,http://www.camara.leg.br/proposicoesWeb/fichadetramitacao?idProposicao=2391592
PL 1802/2022,Cria,"Cria os Conselhos Federal e Regionais de Física, e dá outras providências.",Daniel Almeida,BA,PCdoB,PCdoB,jun.22,Aguardando Designação de Relator(a),http://www.camara.leg.br/proposicoesWeb/fichadetramitacao?idProposicao=2330651
PL 1465/2024,"Direitos, deveres","Estabelece princípios, garantias, direitos e deveres para o desenvolvimento, a implementação e a aplicação da inteligência artificial no Brasil, visando promover sua utilização segura, ética e responsável.
",Júnior Mano,CE,PL,PL,abr.24,Aguardando Parecer,http://www.camara.leg.br/proposicoesWeb/fichadetramitacao?idProposicao=2430325
PL 1119/2024,Altera,"Altera a Lei nº 12.965, de 23 de abril de 2014, obrigando os provedores de aplicações de internet a removerem os conteúdos publicitários divulgados por meio das suas plataformas que utilizem imagens ou vozes falsas de pessoas para promover o anúncio de produtos e serviços. 
",Emanuel Pinheiro Neto,MT,MDB,MDB,abr.24,Tramitando em Conjunto,http://www.camara.leg.br/proposicoesWeb/fichadetramitacao?idProposicao=2424878
PL 1118/2024,Altera,"Altera a redação dos arts. 226, 240, 243, 244, 394, 397, 399, 400, 400-A, 577, 583, 593 e 600, todos do Decreto-Lei nº 3.689, de 3 de outubro de 1941 – Código de Processo Penal.",General Pazuello,RJ,PL,PL,abr.24,Aguardando Parecer,http://www.camara.leg.br/proposicoesWeb/fichadetramitacao?idProposicao=2424877
PL 4025/2023,Altera,"Esta lei altera a Lei nº 10.406, de 10 de janeiro de 2002 - Código Civil, e a Lei nº 9.610, de 19 de fevereiro de 1998, dispondo sobre a utilização da imagem de uma pessoa, viva ou falecida, e dos direitos autorais, decorrentes da utilização de inteligência artificial.",Marx Beltrão,AL,PP,PP,ago.23,Aguardando Parecer,http://www.camara.leg.br/proposicoesWeb/fichadetramitacao?idProposicao=2380982
PL 3800/2023,Altera,"Altera o art. 171 do Decreto-Lei nº 2.848, de 7 de dezembro de 1940 – Código Penal, para aumentar a pena do crime de fraude eletrônica quando a conduta for praticada com a utilização de inteligência artificial.",Acácio Favacho,AP,MDB,MDB,ago.23,Tramitando em Conjunto,http://www.camara.leg.br/proposicoesWeb/fichadetramitacao?idProposicao=2376427
PL 4079/2023,Institui,Institui o Programa Nacional de Incentivo à Tecnologia na Educação e Saúde – PRONITES.,Helio Lopes,RJ,PL,PL,ago.23,Aguardando Parecer,http://www.camara.leg.br/proposicoesWeb/fichadetramitacao?idProposicao=2382101
PL 3392/2024,"Normativa, diretriz","Estabelece diretrizes para o uso ético de tecnologias de inteligência artificial na replicação de vozes de artistas e dubladores em anúncios digitais e outras produções audiovisuais, garantindo o consentimento explícito e a justa remuneração dos envolvidos, reforça a proteção jurídica da voz como direito garantido à imagem, e estabelece mecanismos de fiscalização e reparação. 
",Júnior Mano,CE,PL,PL,ago.24,Aguardando Chancela e Publicação do Despacho,http://www.camara.leg.br/proposicoesWeb/fichadetramitacao?idProposicao=2456204
PL 3088/2024,Altera,"Altera a Consolidação das Leis do Trabalho (CLT) para Altera a Consolidação das Leis do Trabalho (CLT) para dispor sobre a proteção dos trabalhadores frente ao uso da Inteligência Artificial (IA).
",Júnior Mano,CE,PL,PL,ago.24,Aguardando Designação de Relator(a),http://www.camara.leg.br/proposicoesWeb/fichadetramitacao?idProposicao=2451411
PL 3149/2024,Altera,"Altera o art. 39 da Lei nº 8.078, de 11 de setembro de 1990 (Código de Defesa do Consumidor), para proibir a utilização de sistemas automatizados para ligações em massa e repetitivas, nos serviços de televendas, centrais de relacionamento telefônico (Contact Center), operadoras de telemarketing, e dá outras providências.
",Lebrão,RO,UNIÃO,UNIÃO,ago.24,Tramitando em Conjunto,http://www.camara.leg.br/proposicoesWeb/fichadetramitacao?idProposicao=2452633
PL 3236/2024,"Direitos, deveres","Dispõe sobre a proteção dos direitos de propriedade intelectual dos atletas, regulamentando o registro e a exploração de movimentos esportivos, marcas pessoais, o uso da imagem dos atletas para fins comerciais e o uso de Inteligência Artificial no contexto esportivo, e dá outras providências.",Júnior Mano,CE,PL,PL,ago.24,Aguardando Designação de Relator(a),http://www.camara.leg.br/proposicoesWeb/fichadetramitacao?idProposicao=2454171
PL 3385/2024,Declara,"Declara a Dublagem Brasileira como Patrimônio Cultural Imaterial Nacional.
",Professora Luciene Cavalcante,SP,PSOL,PSOL,ago.24,Aguardando Designação de Relator(a),http://www.camara.leg.br/proposicoesWeb/fichadetramitacao?idProposicao=2456063
PL 6119/2023,Altera,"Altera o Decreto-Lei nº 2848, de 07 de dezembro de 1940 – Código Penal, para dispor sobre o uso fraudulento de inteligência artificial.",Kim Kataguiri,SP,UNIÃO,UNIÃO,dez.23,Aguardando Parecer,http://www.camara.leg.br/proposicoesWeb/fichadetramitacao?idProposicao=2415560
PL 5859/2023,"Direitos, deveres","Proíbe o uso de Aplicativos e Programas de Inteligência Artificial para criação de “Deep Nudes” e dá outras providências.
",Felipe Francischini,PR,UNIÃO,UNIÃO,dez.23,Tramitando em Conjunto,http://www.camara.leg.br/proposicoesWeb/fichadetramitacao?idProposicao=2409286
PL 5931/2023,Altera,"Altera a Lei n º 9.504, de 30 de setembro de 1997 (Lei das Eleições) para dispor sobre o uso da inteligência artificial em propaganda eleitoral.",Carlos Chiodini,SC,MDB,MDB,dez.23,Tramitando em Conjunto,http://www.camara.leg.br/proposicoesWeb/fichadetramitacao?idProposicao=2411790
PL 6211/2023,Altera,"Altera a Lei no 8.069, de 13 de julho de 1990 – Estatuto da Criança e do Adolescente, para criminalizar a criação de conteúdo erótico e pornográfico, a partir do rosto de crianças e adolescentes, por meio de sistemas de inteligência artificial e altera o Decreto-Lei no 2.848, de 7 de dezembro de 1940 – Código Penal, para criminalizar a criação de conteúdo erótico e pornográfico por meio de sistemas de inteligência artificial, a partir do resto da vítima, e sem o seu consentimento.
",Renata Abreu,SP,PODE,PODE,dez.23,Tramitando em Conjunto,http://www.camara.leg.br/proposicoesWeb/fichadetramitacao?idProposicao=2416533
PL 5938/2023,Altera,"Altera a Lei 12.965, de 23 de abril e 2014, que estabelece princípios, garantias, direitos e deveres para o uso da Internet no Brasil, para prever que provedores de redes sociais adotem medidas para identificar e sinalizar conteúdos realizados com uso de inteligência artificial.",Lídice da Mata,BA,PSB,PSB,dez.23,Tramitando em Conjunto,http://www.camara.leg.br/proposicoesWeb/fichadetramitacao?idProposicao=2411874
PL 177/2024,Declara,"“Institui a Campanha de Conscientização e Prevenção contra Crimes Cibernéticos, cometidos por meio do uso indevido da inteligência artificial, contra crianças e adolescentes.” ",Saullo Vianna,AM,UNIÃO,UNIÃO,fev.24,Aguardando Parecer,http://www.camara.leg.br/proposicoesWeb/fichadetramitacao?idProposicao=2417362
PL 349/2024,Declara,"Institui campanha de prevenção e combate aos crimes digitais contra crianças, adolescentes e pessoas com deficiência praticados com o suporte de ferramentas de inteligência artificial.
",Maria Rosas,SP,REPUBLIC,REPUBLIC,fev.24,Tramitando em Conjunto,http://www.camara.leg.br/proposicoesWeb/fichadetramitacao?idProposicao=2418314
PL 390/2024,Altera,"Altera a Lei nº 10.406 de 10 de janeiro de 2002 (Código Civil), para reconhecer como fraude anúncios de produtos falsos e golpes financeiros, que envolvam o uso manipulado por inteligência artificial da imagem e voz de pessoas.
",Camila Jara,MS,PT,PT,fev.24,Aguardando Parecer,http://www.camara.leg.br/proposicoesWeb/fichadetramitacao?idProposicao=2418485
PL 303/2024,Altera,"Altera o art. 6º da Lei nº 9.279, de 14 de maio de 1996, para dispor sobre a titularidade de invenções geradas de forma autônoma por sistemas de inteligência artificial.",Júnior Mano,CE,PL,PL,fev.24,Aguardando Parecer,http://www.camara.leg.br/proposicoesWeb/fichadetramitacao?idProposicao=2418048
PL 477/2024,Altera,"Tipifica na lei penal a alteração de fotos, vídeos e som com o uso de sistema de Inteligência Artificial para praticar violência contra a mulher. ",Saullo Vianna,AM,UNIÃO,UNIÃO,fev.24,Tramitando em Conjunto,http://www.camara.leg.br/proposicoesWeb/fichadetramitacao?idProposicao=2418795
PL 93/2024,Altera,Altera o art. 171 do Decreto-Lei nº 2.848/1940 para estabelecer sanções específicas em fraudes eletrônicas.,Célio Studart,CE,PSD,PSD,fev.24,Tramitando em Conjunto,http://www.camara.leg.br/proposicoesWeb/fichadetramitacao?idProposicao=2417050
PL 370/2024,Altera,"Inclui uma majorante no crime de violência psicológica contra a mulher quando cometido mediante uso de inteligência artificial ou qualquer outro recurso tecnológico e aumenta a pena cominada ao crime de divulgação de cena de estupro ou de cena de estupro de vulnerável, de cena de sexo ou de pornografia.


NOVA EMENTA: Altera o art. 147-B do Decreto-Lei nº 2.848, de 7 de dezembro de 1940 (Código Penal), para estabelecer causa de aumento de pena no crime de violência psicológica contra a mulher quando praticado com o uso de inteligência artificial ou de qualquer outro recurso tecnológico que altere imagem ou som da vítima.",Jandira Feghali,RJ,PCdoB,PCdoB,fev.24,Aguardando Apreciação pelo Senado Federal,http://www.camara.leg.br/proposicoesWeb/fichadetramitacao?idProposicao=2418364
PL 357/2024,Altera,"Altera a Lei nº 9.394, de 20 de dezembro de 1996, que trata das diretrizes e bases da educação nacional, para dispor sobre a inclusão das atividades de Inteligência Artificial como ensino técnico profissionalizante, na forma subsequente, em cursos destinados a quem tenha concluído o ensino médio.",Lucio Mosquini,RO,MDB,MDB,fev.24,Tramitando em Conjunto,http://www.camara.leg.br/proposicoesWeb/fichadetramitacao?idProposicao=2418325
PL 123/2024,Altera,"Altera a Lei nº 12.965, de 23 de abril de  2014 (o Marco Civil da Internet), para  subordinar as relações de consumo  mediadas por provedores de aplicações de  internet às normas do Código de Defesa do  Consumidor (CDC), especificamente nos  artigos relacionados à publicidade, com a  adoção de medidas de responsabilização  para as plataformas que veiculam publicidade  enganosa",André Janones,MG,AVANTE,AVANTE,fev.24,Aguardando Parecer,http://www.camara.leg.br/proposicoesWeb/fichadetramitacao?idProposicao=2417168
PL 2775/2024,Altera,"Altera a Lei nº 13.709, de 14 de agosto de 2018, Lei Geral de Proteção de Dados Pessoais (LGPD), para determinar critérios à permissão do uso dos dados pessoais para o treinamento e aperfeiçoamento de sistemas de inteligência artificial (IA).
",João Daniel,SE,PT,PT,jul.24,Aguardando Designação de Relator(a),http://www.camara.leg.br/proposicoesWeb/fichadetramitacao?idProposicao=2447165
PL 2807/2024,"Direitos, deveres","Dispõe sobre a proteção da imagem de crianças, proibindo a utilização de suas fotos para alimentar ferramentas de inteligência artificial sem o consentimento expresso de seus pais ou representantes legais.
",Júnior Mano,CE,PL,PL,jul.24,Aguardando Designação de Relator(a),http://www.camara.leg.br/proposicoesWeb/fichadetramitacao?idProposicao=2448043
PL 2721/2024,Altera,"Altera o art. 11 da Lei n° 9.610, de 1998, para deixar expresso que autor é apenas a pessoa física, independentemente do grau de autonomia do sistema de inteligência artificial utilizado na elaboração da obra.
",Jonas Donizette,SP,PSB,PSB,jul.24,Aguardando Parecer,http://www.camara.leg.br/proposicoesWeb/fichadetramitacao?idProposicao=2445849
PL 2911/2024,Altera,"Altera a Lei nº 9.394, de 20 de dezembro de 1996, para acrescentar o  §º 12 no art. 26, que inclui  o ensino de ética online na educação digital como componente curricular do ensino fundamental e do ensino médio.",Amom Mandel,AM,CIDADANIA,CIDADANIA,jul.24,Tramitando em Conjunto,http://www.camara.leg.br/proposicoesWeb/fichadetramitacao?idProposicao=2449592
PL 2506/2024,Altera,"Altera o Decreto-Lei nº 2.848, de 7 de dezembro de 1940 – Código Penal, para estabelecer causa de aumento de pena no crime de favorecimento da prostituição ou de outra forma de exploração sexual de criança ou adolescente ou de vulnerável quando praticado com o uso de inteligência artificial.",Rogéria Santos,BA,REPUBLIC,REPUBLIC,jun.24,Aguardando Designação de Relator(a),http://www.camara.leg.br/proposicoesWeb/fichadetramitacao?idProposicao=2442452
PL 2333/2024,Institui,Institui o Programa Nacional de Reabilitação Tecnológica Avançada.,Coronel Chrisóstomo,RO,PL,PL,jun.24,Aguardando Parecer,http://www.camara.leg.br/proposicoesWeb/fichadetramitacao?idProposicao=2440247
PL 2251/2024,Altera,"Altera a Lei nº 14.197, de 2021, para incluir no Título XII da Parte Especial do Decreto-Lei nº 2.848, de 7 de dezembro de 1940 (Código Penal), relativo aos crimes contra o Estado Democrático de Direito, dispositivos para criminalizar a produção e disseminação de comunicação enganosa em massa no processo eleitoral. 

",Erika Kokay,DF,PT,PT,jun.24,Aguardando Designação de Relator(a),http://www.camara.leg.br/proposicoesWeb/fichadetramitacao?idProposicao=2439008
PL 1797/2024,"Normativa, diretriz","Estabelece normas gerais para o desenvolvimento, implementação e uso responsável de sistemas de Inteligência Artificial, com o objetivo de proteger os direitos humanos e a garantia de sistemas seguros e confiáveis em benefício da pessoa humana.",Allan Garcês,MA,PP,PP,mai.24,Tramitando em Conjunto,http://www.camara.leg.br/proposicoesWeb/fichadetramitacao?idProposicao=2433206
PL 1559/2024,Altera,"Altera a Lei nº 9.394, de 20 de dezembro de 1996 (Lei de Diretrizes e Bases da Educação Nacional), para vedar o uso de inteligência artificial como parâmetro de referência e de métrica para o desenvolvimento de material pedagógico, bem como ferramenta de avaliação de desempenho escolar, a ser utilizado pela rede pública de ensino das unidades da Federação, e dá outras providências correlatas.",Professora Luciene Cavalcante,SP,PSOL,PSOL,mai.24,Aguardando Parecer,http://www.camara.leg.br/proposicoesWeb/fichadetramitacao?idProposicao=2430998
PL 1635/2024,"Direitos, deveres","Dispõe sobre a proteção do consumidor contra práticas de colusão artificial implementadas por meio de algoritmos de precificação. 
",Vinicius Carvalho,SP,REPUBLIC,REPUBLIC,mai.24,Tramitando em Conjunto,http://www.camara.leg.br/proposicoesWeb/fichadetramitacao?idProposicao=2431834
PL 1522/2024,"Direitos, deveres","Dispõe sobre a utilização de ferramentas tecnológicas de inteligência artificial para gestão e manutenção de dados no Sistema Único de Saúde em todo território nacional
",Julio Lopes,RJ,PP,PP,mai.24,Aguardando Parecer,http://www.camara.leg.br/proposicoesWeb/fichadetramitacao?idProposicao=2430744
PL 2008/2024,"Direitos, deveres","Dispõe sobre a prevenção e repressão às infrações contra a ordem econômica através do uso de Inteligência Artificial (IA) para efetuar práticas desleais de concorrência. 
",Vinicius Carvalho,SP,REPUBLIC,REPUBLIC,mai.24,Tramitando em Conjunto,http://www.camara.leg.br/proposicoesWeb/fichadetramitacao?idProposicao=2435976
PL 1539/2024,Institui,"Institui o Fundo de Incentivo ao Desenvolvimento e Inovação da Indústria deInteligência Artificial (Fidia).
",Carlos Henrique Gaguim,TO,UNIÃO,UNIÃO,mai.24,Tramitando em Conjunto,http://www.camara.leg.br/proposicoesWeb/fichadetramitacao?idProposicao=2430863
PL 1546/2024,Altera,"Altera a Lei nº 8.213, de 24 de julho de 1991, para dispor sobre exigência de escritura pública, instrumento particular com firma reconhecida ou assinatura eletrônica qualificada, para autorização de desconto de mensalidades de associações e demais entidades de aposentados legalmente reconhecidas em benefícios administrados pelo Instituto Nacional do Seguro Social (INSS).",Murilo Galdino,PB,REPUBLIC,REPUBLIC,mai.24,Aguardando Designação de Relator(a),http://www.camara.leg.br/proposicoesWeb/fichadetramitacao?idProposicao=2430953
PL 1758/2024,Altera,"Altera a Lei nº 4.737, de 15 de julho de 1965, que institui o Código Eleitoral, para estabelecer a hipótese de punição em caso de adulteração ou criação, por qualquer meio, de textos, áudios, imagens, vídeos ou outras mídias destinadas a difundir a crença em fato falso relacionado a candidatos ou à disputa eleitoral.",Aureo Ribeiro,RJ,SOLIDARI,SOLIDARI,mai.24,Tramitando em Conjunto,http://www.camara.leg.br/proposicoesWeb/fichadetramitacao?idProposicao=2432900
PL 1845/2024,Altera,"Altera a Lei nº 12.965, de 23 de abril de 2014 (Marco Civil da Internet), ampliando o conjunto de informações a serem armazenadas pelos provedores de conexão e de aplicação de internet para fins de apuração de ilícitos.",Gilvan Maximo,DF,REPUBLIC,REPUBLIC,mai.24,Aguardando Parecer,http://www.camara.leg.br/proposicoesWeb/fichadetramitacao?idProposicao=2434055
PL 705/2022,"Normativa, diretriz","Dispõe sobre a compatibilização dos sistemas de Inteligência Artificial utilizados pela Administração Pública a práticas da agenda ambiental, social e de governança.",Helio Lopes,RJ,UNIÃO,UNIÃO,mar.22,Aguardando Parecer,http://www.camara.leg.br/proposicoesWeb/fichadetramitacao?idProposicao=2318674
PL 759/2023,"Direitos, deveres","Regulamenta os sistemas de Inteligência Artificial, e dá outras providências. ",Lebrão,RO,UNIÃO,UNIÃO,mar.23,Aguardando Parecer,http://www.camara.leg.br/proposicoesWeb/fichadetramitacao?idProposicao=2349685
PL 1473/2023,"Direitos, deveres","Esta Lei torna obrigatória a disponibilização, por parte das empresas que operam sistemas de inteligência artificial, de ferramentas que garantam aos autores de conteúdo na internet a possibilidade de restringir o uso de seus materiais pelos algoritmos de inteligência artificial, com o objetivo de preservar os direitos autorais.",Aureo Ribeiro,RJ,SOLIDARI,SOLIDARI,mar.23,Pronta para Pauta,http://www.camara.leg.br/proposicoesWeb/fichadetramitacao?idProposicao=2353916
PL 711/2024,Altera,"Institui canal de atendimento via telefone preferencial para idosos e dá outras providências.
",Marx Beltrão,AL,PP,PP,mar.24,Aguardando Parecer,http://www.camara.leg.br/proposicoesWeb/fichadetramitacao?idProposicao=2420452
PL 897/2024,"Direitos, deveres",Dispõe sobre a Autenticação de Mídia Digital criada ou modificada por Inteligência Artificial (IA) e dá outras providências.,Saullo Vianna,AM,UNIÃO,UNIÃO,mar.24,Tramitando em Conjunto,http://www.camara.leg.br/proposicoesWeb/fichadetramitacao?idProposicao=2422387
PL 896/2024,"Direitos, deveres","Dispõe sobre a Proteção contra Deepfakes e dá outras providências.
",Saullo Vianna,AM,UNIÃO,UNIÃO,mar.24,Tramitando em Conjunto,http://www.camara.leg.br/proposicoesWeb/fichadetramitacao?idProposicao=2422375
PL 841/2024,Altera,"Altera a Lei nº 8.078, de 11 de setembro de 1990, para tornar obrigatória a exibição de aviso ao consumidor sobre imagem ou vídeo publicitário produzido com o uso de inteligência artificial.
",Ruy Carneiro,PB,PODE,PODE,mar.24,Tramitando em Conjunto,http://www.camara.leg.br/proposicoesWeb/fichadetramitacao?idProposicao=2421854
PL 733/2024,Institui,"Institui varas especializadas para processar e julgar crimes cibernéticos.
",Beto Pereira,MS,PSDB,PSDB,mar.24,Aguardando Providências Internas,http://www.camara.leg.br/proposicoesWeb/fichadetramitacao?idProposicao=2420743
PL 842/2024,Altera,"Altera a Lei no 12.965, de 23 de abril de 2014 (Marco Civil da Internet), para dispor sobre a obrigatoriedade de que aplicações de internet que se utilizem de mecanismos de inteligência artificial para a geração de conteúdos audiovisuais insiram sinalização nos conteúdos produzidos.
",Ruy Carneiro,PB,PODE,PODE,mar.24,Tramitando em Conjunto,http://www.camara.leg.br/proposicoesWeb/fichadetramitacao?idProposicao=2421855
PL 536/2024,"Direitos, deveres","Regulamenta a profissão de Motorista Autônomo de Serviços de Mobilidade Urbana e dá outras providências.
",Daniel Agrobom;Silvia Waiãpi;Dayany Bittencourt;Capitão Alden;Delegado Caveira;Felipe Saliba,GO;AP;CE;BA;PA;MG,PL;PL;UNIÃO;PL;PL;PRD,PL;PL;UNIÃO;PL;PL;PRD,mar.24,Aguardando Parecer,http://www.camara.leg.br/proposicoesWeb/fichadetramitacao?idProposicao=2419137
PL 5694/2023,Altera,"Criminaliza a manipulação ou adulteração de fotos, vídeos ou sons, utilizando-se de sistemas de inteligência artificial, com o intuito de causar constrangimento, humilhação, assédio, ameaça ou qualquer outro tipo de violência contra crianças ou adolescentes, além disso, aumenta a pena para crimes relacionados à pornografia infantil na hipótese de uso de inteligência artificial, se a cena de sexo explícito ou pornográfica envolvendo criança ou adolescente for manipulada ou adulterada por meio de sistema de inteligência artificial.
",Fred Linhares,DF,REPUBLIC,REPUBLIC,nov.23,Aguardando Parecer,http://www.camara.leg.br/proposicoesWeb/fichadetramitacao?idProposicao=2406508
PL 5303/2023,Altera,Dispõe sobre a prestação de serviços mediante o uso de inteligência artificial.,Renata Abreu,SP,PODE,PODE,nov.23,Aguardando Parecer,http://www.camara.leg.br/proposicoesWeb/fichadetramitacao?idProposicao=2400917
PL 5695/2023,Altera,"Tipifica penalmente a alteração de fotos, vídeos e som com o uso de sistema de Inteligência Artificial para praticar violência contra a mulher.
",Fred Linhares,DF,REPUBLIC,REPUBLIC,nov.23,Aguardando Parecer,http://www.camara.leg.br/proposicoesWeb/fichadetramitacao?idProposicao=2406516
PL 5630/2023,Altera,"Altera o Decreto-Lei nº 2.848, de 7 de dezembro de 1940 (Código Penal), para criminalizar a manipulação não autorizada de imagem intima de mulher.
",Nely Aquino,MG,PODE,PODE,nov.23,Tramitando em Conjunto,http://www.camara.leg.br/proposicoesWeb/fichadetramitacao?idProposicao=2405555
PL 5359/2023,Altera,"Altera a Lei nº 8.069, de 13 de julho de 1990 - Estatuto da Criança e do Adolescente, para criminalizar a adulteração, montagem ou modificação de fotografia, vídeo ou qualquer outra forma de representação visual por meio de Inteligência Artificial, a aquisição e a posse de tal material e outras condutas relacionadas à pedofilia na internet. 
",Erika Kokay,DF,PT,PT,nov.23,Tramitando em Conjunto,http://www.camara.leg.br/proposicoesWeb/fichadetramitacao?idProposicao=2401304
PL 5641/2023,"Normativa, diretriz","Dispõe sobre a proibição de aplicativos, sites, ferramentas e similares que utilizam inteligência artificial para criação de imagens pornográficas não autorizadas com o rosto de mulheres, bem como estabelece medidas para prevenir e combater a disseminação dessas imagens.",Fernanda Melchionna;Sâmia Bomfim;Glauber Braga,RS;SP;RJ,PSOL;PSOL;PSOL,PSOL;PSOL;PSOL,nov.23,Tramitando em Conjunto,http://www.camara.leg.br/proposicoesWeb/fichadetramitacao?idProposicao=2405761
PL 5394/2023,Altera,"Altera o Decreto-Lei nº 2.848, de 7 de dezembro de 1940, Código Penal, para criminalizar a adulteração, montagem ou modificação de fotografia, vídeo ou qualquer outra forma de representação visual relativos à intimidade da pessoa, por meio de Inteligência Artificial, e dá outras providências. 
",Erika Kokay,DF,PT,PT,nov.23,Tramitando em Conjunto,http://www.camara.leg.br/proposicoesWeb/fichadetramitacao?idProposicao=2402162
PL 5342/2023,Altera,"Tipifica o crime de Porno Fake e acrescenta o artigo 218-D ao Decreto-Lei nº 2.848, de 7 de dezembro de 1940 (Código Penal), para tipificar o crime de criação, divulgação e comercialização de imagem de nudez ou de cunho sexual não autorizada, gerada por softwares e inteligência artificial (AI); altera para pública incondicionada a natureza da ação penal dos crimes contra a dignidade sexual; estabelece causas de aumento de pena para esses crimes.",Marcelo Álvaro Antônio,MG,PL,PL,nov.23,Aguardando Designação - Aguardando Devolução de Relator(a) que deixou de ser Membro,http://www.camara.leg.br/proposicoesWeb/fichadetramitacao?idProposicao=2401172
PL 4869/2023,Altera,Veda a demissão ou redução da jornada de trabalho dos profissionais da voz e dos intérpretes de Língua Brasileira de Sinais - Libras em razão da utilização de ferramentas de inteligência artificial para produção de conteúdos audiovisuais. ,Marco Brasil,PR,PP,PP,out.23,Aguardando Parecer,http://www.camara.leg.br/proposicoesWeb/fichadetramitacao?idProposicao=2394357
PL 5242/2023,Altera,"Altera a Lei nº 9.504, de 30 de setembro de 1997, para dispor sobre a vedação à criação, utilização e propagação de deep fake.",Rafael Brito,AL,MDB,MDB,out.23,Tramitando em Conjunto,http://www.camara.leg.br/proposicoesWeb/fichadetramitacao?idProposicao=2399792
PL 5241/2023,Altera,"Altera a Lei nº 4.737, de 15 de julho de 1965, para tipificar o crime de divulgação de deep fake durante período de campanha eleitoral.",Rafael Brito,AL,MDB,MDB,out.23,Tramitando em Conjunto,http://www.camara.leg.br/proposicoesWeb/fichadetramitacao?idProposicao=2399786
PL 4719/2023,"Direitos, deveres",Dispõe sobre o incentivo ao desenvolvimento de inteligência artificial.,Dimas Gadelha,RJ,PT,PT,set.23,Pronta para Pauta,http://www.camara.leg.br/proposicoesWeb/fichadetramitacao?idProposicao=2391466
PL 3656/2024,Altera,"Altera a Lei nº 9.610, de 19 de fevereiro de 1998, para estabelecer regras sobre direitos autorais de obras geradas por sistemas de inteligência artificial de forma integral ou majoritariamente autônoma.
",Leonardo Gadelha,PB,PODE,PODE,set.24,Aguardando Autorização do Despacho,http://www.camara.leg.br/proposicoesWeb/fichadetramitacao?idProposicao=2458893
PL 3488/2024,Altera,"Altera a Lei nº 12.965, de 23 de abril de 2014 e o Decreto-Lei nº 2.848, de 7 de dezembro de 1940 (Código Penal), no intuito de coibir a criação e divulgação de falso vídeo ou imagem sexualmente explícita e não consensual, produzido por meio de inteligência artificial. ",Alexandre Guimarães,TO,MDB,MDB,set.24,Aguardando Chancela e Publicação do Despacho,http://www.camara.leg.br/proposicoesWeb/fichadetramitacao?idProposicao=2457308
PL 3428/2024,Altera,"Altera a Lei nº 13.709, de 14 de agosto de 2018 (Lei Geral de Proteção de Dados Pessoais), estabelecendo restrições ao tratamento de dados pessoais de crianças e adolescentes.",Delegado Fabio Costa,AL,PP,PP,set.24,Aguardando Chancela e Publicação do Despacho,http://www.camara.leg.br/proposicoesWeb/fichadetramitacao?idProposicao=2456432
PL 3604/2024,Altera,"Altera a Lei nº 12.114, de 9 de dezembro de 2009, que Cria o Fundo Nacional sobre Mudança do Clima, para permitir o investimento de recursos no desenvolvimento de tecnologia da informação (TI) e da inteligência artificial (IA) na prevenção e contenção de incêndio em ambientes naturais, e dá outras providências.
",Fred Linhares,DF,REPUBLIC,REPUBLIC,set.24,Aguardando Autorização do Despacho,http://www.camara.leg.br/proposicoesWeb/fichadetramitacao?idProposicao=2458566
PL 3410/2024,Altera,"Acrescenta artigo à Lei nº 7.492, de 16 de julho de 1986, para dispor sobre o crime de simulação de entidade financeira, e dá outras providências. ",Alberto Fraga,DF,PL,PL,set.24,Aguardando Chancela e Publicação do Despacho,http://www.camara.leg.br/proposicoesWeb/fichadetramitacao?idProposicao=2456339